id,firstName,lastName,birthDate,skills,grades
S1,Анна,Коваль,2005-03-14,dart;git,C1:90;C2:95;C3:75
S2,Іван,Мельник,2004-11-02,dart;sql,C1:55;C3:70
S3,Олена,Бондар,2005-07-25,flutter,C1:82;C2:78
S4,Максим,Лисенко,2003-01-09,,C3:68
S5,Дарина,Савчук,2005-03-30,dart;flutter;git,C1:97;C2:99;C4:92
S6,Тарас,Гриценко,2004-06-18,sql,C1:61;C3:88
S7,Софія,Ткачук,2003-12-05,git,C1:73;C3:49
S8,Богдан,Кравець,2005-09-11,dart,C1:48
S9,Юлія,Шевчук,2004-02-27,flutter;sql,C1:85;C2:67;C3:91
S10,Назар,Попович,2003-08-15,,C1:70;C3:58